"filename", "language", "TypeScript", "SCSS", "HTML", "comment", "blank", "total"
"c:\Code\angular\pdx-map\src\app\SideNavContentProvider.ts", "TypeScript", 38, 0, 0, 0, 11, 49
"c:\Code\angular\pdx-map\src\app\alliancehelper\alliancehelper.component.html", "HTML", 0, 0, 52, 0, 1, 53
"c:\Code\angular\pdx-map\src\app\alliancehelper\alliancehelper.component.scss", "SCSS", 0, 249, 0, 4, 35, 288
"c:\Code\angular\pdx-map\src\app\alliancehelper\alliancehelper.component.spec.ts", "TypeScript", 18, 0, 0, 0, 6, 24
"c:\Code\angular\pdx-map\src\app\alliancehelper\alliancehelper.component.ts", "TypeScript", 217, 0, 0, 1, 24, 242
"c:\Code\angular\pdx-map\src\app\app.component.html", "HTML", 0, 0, 1, 0, 0, 1
"c:\Code\angular\pdx-map\src\app\app.component.scss", "SCSS", 0, 5, 0, 0, 0, 5
"c:\Code\angular\pdx-map\src\app\app.component.ts", "TypeScript", 21, 0, 0, 0, 4, 25
"c:\Code\angular\pdx-map\src\app\app.config.ts", "TypeScript", 13, 0, 0, 0, 2, 15
"c:\Code\angular\pdx-map\src\app\app.routes.ts", "TypeScript", 28, 0, 0, 0, 1, 29
"c:\Code\angular\pdx-map\src\app\discord-field\discord-field.component.html", "HTML", 0, 0, 12, 0, 1, 13
"c:\Code\angular\pdx-map\src\app\discord-field\discord-field.component.scss", "SCSS", 0, 41, 0, 0, 8, 49
"c:\Code\angular\pdx-map\src\app\discord-field\discord-field.component.ts", "TypeScript", 34, 0, 0, 0, 7, 41
"c:\Code\angular\pdx-map\src\app\discord-login\discord-login.component.html", "HTML", 0, 0, 12, 0, 0, 12
"c:\Code\angular\pdx-map\src\app\discord-login\discord-login.component.scss", "SCSS", 0, 45, 0, 0, 8, 53
"c:\Code\angular\pdx-map\src\app\discord-login\discord-login.component.ts", "TypeScript", 35, 0, 0, 0, 8, 43
"c:\Code\angular\pdx-map\src\app\gauge\gauge.component.html", "HTML", 0, 0, 3, 0, 1, 4
"c:\Code\angular\pdx-map\src\app\gauge\gauge.component.scss", "SCSS", 0, 13, 0, 0, 1, 14
"c:\Code\angular\pdx-map\src\app\gauge\gauge.component.spec.ts", "TypeScript", 18, 0, 0, 0, 6, 24
"c:\Code\angular\pdx-map\src\app\gauge\gauge.component.ts", "TypeScript", 174, 0, 0, 2, 30, 206
"c:\Code\angular\pdx-map\src\app\jomini-kiosk\jomini-kiosk.component.html", "HTML", 0, 0, 40, 0, 2, 42
"c:\Code\angular\pdx-map\src\app\jomini-kiosk\jomini-kiosk.component.scss", "SCSS", 0, 98, 0, 0, 16, 114
"c:\Code\angular\pdx-map\src\app\jomini-kiosk\jomini-kiosk.component.ts", "TypeScript", 83, 0, 0, 1, 14, 98
"c:\Code\angular\pdx-map\src\app\lab\lab.component.html", "HTML", 0, 0, 0, 0, 1, 1
"c:\Code\angular\pdx-map\src\app\lab\lab.component.scss", "SCSS", 0, 0, 0, 0, 1, 1
"c:\Code\angular\pdx-map\src\app\lab\lab.component.spec.ts", "TypeScript", 18, 0, 0, 0, 6, 24
"c:\Code\angular\pdx-map\src\app\lab\lab.component.ts", "TypeScript", 9, 0, 0, 0, 5, 14
"c:\Code\angular\pdx-map\src\app\lineviewer\LinePlotterService.ts", "TypeScript", 283, 0, 0, 3, 53, 339
"c:\Code\angular\pdx-map\src\app\lineviewer\lineviewer.component.html", "HTML", 0, 0, 59, 0, 1, 60
"c:\Code\angular\pdx-map\src\app\lineviewer\lineviewer.component.scss", "SCSS", 0, 78, 0, 0, 11, 89
"c:\Code\angular\pdx-map\src\app\lineviewer\lineviewer.component.ts", "TypeScript", 129, 0, 0, 0, 22, 151
"c:\Code\angular\pdx-map\src\app\lineviewer\model\Eu4SaveDataFacade.ts", "TypeScript", 117, 0, 0, 0, 22, 139
"c:\Code\angular\pdx-map\src\app\lineviewer\model\Eu4SaveSeriesData.ts", "TypeScript", 108, 0, 0, 0, 17, 125
"c:\Code\angular\pdx-map\src\app\lineviewer\model\LineAccessor.ts", "TypeScript", 6, 0, 0, 0, 1, 7
"c:\Code\angular\pdx-map\src\app\lineviewer\model\LineViewerData.ts", "TypeScript", 6, 0, 0, 0, 4, 10
"c:\Code\angular\pdx-map\src\app\lineviewer\model\LineableEntity.ts", "TypeScript", 6, 0, 0, 0, 0, 6
"c:\Code\angular\pdx-map\src\app\map.service.ts", "TypeScript", 47, 0, 0, 0, 8, 55
"c:\Code\angular\pdx-map\src\app\map\config\MapDataProvider.ts", "TypeScript", 107, 0, 0, 9, 14, 130
"c:\Code\angular\pdx-map\src\app\map\map\map.component.html", "HTML", 0, 0, 1, 0, 0, 1
"c:\Code\angular\pdx-map\src\app\map\map\map.component.scss", "SCSS", 0, 69, 0, 0, 10, 79
"c:\Code\angular\pdx-map\src\app\map\map\map.component.ts", "TypeScript", 221, 0, 0, 1, 23, 245
"c:\Code\angular\pdx-map\src\app\mc\AssignmentService.ts", "TypeScript", 145, 0, 0, 3, 20, 168
"c:\Code\angular\pdx-map\src\app\mc\MCSignupService.ts", "TypeScript", 188, 0, 0, 1, 24, 213
"c:\Code\angular\pdx-map\src\app\mc\MegaCampaign.ts", "TypeScript", 31, 0, 0, 0, 8, 39
"c:\Code\angular\pdx-map\src\app\mc\MegaPlotService.ts", "TypeScript", 69, 0, 0, 0, 4, 73
"c:\Code\angular\pdx-map\src\app\mc\MegaService.ts", "TypeScript", 104, 0, 0, 3, 15, 122
"c:\Code\angular\pdx-map\src\app\mc\SignupAssetsService.ts", "TypeScript", 315, 0, 0, 6, 29, 350
"c:\Code\angular\pdx-map\src\app\mc\StartAssignment.ts", "TypeScript", 7, 0, 0, 0, 0, 7
"c:\Code\angular\pdx-map\src\app\mc\mcadmin\mcadmin.component.html", "HTML", 0, 0, 105, 1, 3, 109
"c:\Code\angular\pdx-map\src\app\mc\mcadmin\mcadmin.component.scss", "SCSS", 0, 116, 0, 1, 18, 135
"c:\Code\angular\pdx-map\src\app\mc\mcadmin\mcadmin.component.ts", "TypeScript", 310, 0, 0, 8, 30, 348
"c:\Code\angular\pdx-map\src\app\mc\mcsignup\ClusterManager.ts", "TypeScript", 32, 0, 0, 0, 9, 41
"c:\Code\angular\pdx-map\src\app\mc\mcsignup\mcsignup.component.html", "HTML", 0, 0, 75, 0, 3, 78
"c:\Code\angular\pdx-map\src\app\mc\mcsignup\mcsignup.component.scss", "SCSS", 0, 169, 0, 0, 26, 195
"c:\Code\angular\pdx-map\src\app\mc\mcsignup\mcsignup.component.ts", "TypeScript", 238, 0, 0, 2, 32, 272
"c:\Code\angular\pdx-map\src\app\mc\mcstartselect\mcstartselect.component.html", "HTML", 0, 0, 109, 0, 2, 111
"c:\Code\angular\pdx-map\src\app\mc\mcstartselect\mcstartselect.component.scss", "SCSS", 0, 233, 0, 0, 35, 268
"c:\Code\angular\pdx-map\src\app\mc\mcstartselect\mcstartselect.component.ts", "TypeScript", 213, 0, 0, 0, 22, 235
"c:\Code\angular\pdx-map\src\app\mc\mega-campaign\mega-campaign.component.html", "HTML", 0, 0, 76, 0, 1, 77
"c:\Code\angular\pdx-map\src\app\mc\mega-campaign\mega-campaign.component.scss", "SCSS", 0, 98, 0, 0, 10, 108
"c:\Code\angular\pdx-map\src\app\mc\mega-campaign\mega-campaign.component.ts", "TypeScript", 161, 0, 0, 0, 21, 182
"c:\Code\angular\pdx-map\src\app\modding\mega-modder\MegaModderE2VService.ts", "TypeScript", 319, 0, 0, 3, 44, 366
"c:\Code\angular\pdx-map\src\app\modding\mega-modder\mega-modder.component.html", "HTML", 0, 0, 27, 0, 1, 28
"c:\Code\angular\pdx-map\src\app\modding\mega-modder\mega-modder.component.scss", "SCSS", 0, 105, 0, 0, 17, 122
"c:\Code\angular\pdx-map\src\app\modding\mega-modder\mega-modder.component.ts", "TypeScript", 406, 0, 0, 2, 43, 451
"c:\Code\angular\pdx-map\src\app\modding\mega-modder\pop-scale-diagram.component.ts", "TypeScript", 417, 0, 0, 0, 59, 476
"c:\Code\angular\pdx-map\src\app\paradox\paradox.component.html", "HTML", 0, 0, 86, 1, 5, 92
"c:\Code\angular\pdx-map\src\app\paradox\paradox.component.scss", "SCSS", 0, 160, 0, 17, 28, 205
"c:\Code\angular\pdx-map\src\app\paradox\paradox.component.ts", "TypeScript", 163, 0, 0, 1, 24, 188
"c:\Code\angular\pdx-map\src\app\plot-view\PlotExportService.ts", "TypeScript", 196, 0, 0, 0, 48, 244
"c:\Code\angular\pdx-map\src\app\plot-view\PlottingService.ts", "TypeScript", 369, 0, 0, 36, 21, 426
"c:\Code\angular\pdx-map\src\app\plot-view\plot-view.component.html", "HTML", 0, 0, 17, 0, 0, 17
"c:\Code\angular\pdx-map\src\app\plot-view\plot-view.component.scss", "SCSS", 0, 47, 0, 0, 8, 55
"c:\Code\angular\pdx-map\src\app\plot-view\plot-view.component.ts", "TypeScript", 103, 0, 0, 3, 21, 127
"c:\Code\angular\pdx-map\src\app\plot-view\plot\Plotable.ts", "TypeScript", 11, 0, 0, 0, 1, 12
"c:\Code\angular\pdx-map\src\app\resourcemap\resourcemap.component.html", "HTML", 0, 0, 32, 0, 1, 33
"c:\Code\angular\pdx-map\src\app\resourcemap\resourcemap.component.scss", "SCSS", 0, 89, 0, 0, 15, 104
"c:\Code\angular\pdx-map\src\app\resourcemap\resourcemap.component.spec.ts", "TypeScript", 18, 0, 0, 0, 6, 24
"c:\Code\angular\pdx-map\src\app\resourcemap\resourcemap.component.ts", "TypeScript", 206, 0, 0, 0, 26, 232
"c:\Code\angular\pdx-map\src\app\save-view-splash\save-view-splash.component.html", "HTML", 0, 0, 51, 0, 0, 51
"c:\Code\angular\pdx-map\src\app\save-view-splash\save-view-splash.component.scss", "SCSS", 0, 102, 0, 0, 20, 122
"c:\Code\angular\pdx-map\src\app\save-view-splash\save-view-splash.component.ts", "TypeScript", 318, 0, 0, 10, 48, 376
"c:\Code\angular\pdx-map\src\app\save-view\save-view.component.html", "HTML", 0, 0, 75, 1, 0, 76
"c:\Code\angular\pdx-map\src\app\save-view\save-view.component.scss", "SCSS", 0, 79, 0, 0, 11, 90
"c:\Code\angular\pdx-map\src\app\save-view\save-view.component.ts", "TypeScript", 72, 0, 0, 0, 16, 88
"c:\Code\angular\pdx-map\src\app\saveana\ck3-save-view\ck3-save-view.component.html", "HTML", 0, 0, 11, 6, 0, 17
"c:\Code\angular\pdx-map\src\app\saveana\ck3-save-view\ck3-save-view.component.scss", "SCSS", 0, 57, 0, 0, 8, 65
"c:\Code\angular\pdx-map\src\app\saveana\ck3-save-view\ck3-save-view.component.ts", "TypeScript", 45, 0, 0, 0, 7, 52
"c:\Code\angular\pdx-map\src\app\slab-map-view\ViewMode.ts", "TypeScript", 72, 0, 0, 0, 14, 86
"c:\Code\angular\pdx-map\src\app\slab-map-view\ViewModeProvider.ts", "TypeScript", 121, 0, 0, 0, 9, 130
"c:\Code\angular\pdx-map\src\app\slab-map-view\slab-map-view.component.html", "HTML", 0, 0, 3, 0, 0, 3
"c:\Code\angular\pdx-map\src\app\slab-map-view\slab-map-view.component.scss", "SCSS", 0, 13, 0, 0, 0, 13
"c:\Code\angular\pdx-map\src\app\slab-map-view\slab-map-view.component.ts", "TypeScript", 61, 0, 0, 0, 11, 72
"c:\Code\angular\pdx-map\src\app\timer\timer.component.html", "HTML", 0, 0, 11, 0, 0, 11
"c:\Code\angular\pdx-map\src\app\timer\timer.component.scss", "SCSS", 0, 26, 0, 0, 4, 30
"c:\Code\angular\pdx-map\src\app\timer\timer.component.ts", "TypeScript", 41, 0, 0, 0, 7, 48
"c:\Code\angular\pdx-map\src\app\vic3-country-table\vic3-country-table.component.html", "HTML", 0, 0, 48, 0, 2, 50
"c:\Code\angular\pdx-map\src\app\vic3-country-table\vic3-country-table.component.scss", "SCSS", 0, 114, 0, 1, 20, 135
"c:\Code\angular\pdx-map\src\app\vic3-country-table\vic3-country-table.component.ts", "TypeScript", 192, 0, 0, 0, 25, 217
"c:\Code\angular\pdx-map\src\app\viewers\polygon-select\BehaviorConfigProvider.ts", "TypeScript", 31, 0, 0, 0, 7, 38
"c:\Code\angular\pdx-map\src\app\viewers\polygon-select\CameraMovementManager.ts", "TypeScript", 282, 0, 0, 11, 49, 342
"c:\Code\angular\pdx-map\src\app\viewers\polygon-select\ColorConfigProvider.ts", "TypeScript", 65, 0, 0, 2, 15, 82
"c:\Code\angular\pdx-map\src\app\viewers\polygon-select\DynamicColorConfig.ts", "TypeScript", 27, 0, 0, 0, 6, 33
"c:\Code\angular\pdx-map\src\app\viewers\polygon-select\TooltipManager.ts", "TypeScript", 62, 0, 0, 0, 10, 72
"c:\Code\angular\pdx-map\src\app\viewers\polygon-select\polygon-select.component.html", "HTML", 0, 0, 36, 11, 2, 49
"c:\Code\angular\pdx-map\src\app\viewers\polygon-select\polygon-select.component.scss", "SCSS", 0, 131, 0, 0, 16, 147
"c:\Code\angular\pdx-map\src\app\viewers\polygon-select\polygon-select.component.ts", "TypeScript", 455, 0, 0, 2, 53, 510
"c:\Code\angular\pdx-map\src\index.html", "HTML", 0, 0, 20, 0, 3, 23
"c:\Code\angular\pdx-map\src\main.ts", "TypeScript", 18, 0, 0, 1, 4, 23
"c:\Code\angular\pdx-map\src\model\Ck3Save.ts", "TypeScript", 171, 0, 0, 5, 30, 206
"c:\Code\angular\pdx-map\src\model\ParadoxSave.ts", "TypeScript", 3, 0, 0, 0, 2, 5
"c:\Code\angular\pdx-map\src\model\ck3\AccumulatableCurrency.ts", "TypeScript", 11, 0, 0, 0, 5, 16
"c:\Code\angular\pdx-map\src\model\ck3\Building.ts", "TypeScript", 8, 0, 0, 0, 4, 12
"c:\Code\angular\pdx-map\src\model\ck3\CK3.ts", "TypeScript", 124, 0, 0, 1, 21, 146
"c:\Code\angular\pdx-map\src\model\ck3\Character.ts", "TypeScript", 214, 0, 0, 1, 44, 259
"c:\Code\angular\pdx-map\src\model\ck3\County.ts", "TypeScript", 58, 0, 0, 0, 11, 69
"c:\Code\angular\pdx-map\src\model\ck3\Culture.ts", "TypeScript", 18, 0, 0, 0, 5, 23
"c:\Code\angular\pdx-map\src\model\ck3\DynastyHouse.ts", "TypeScript", 22, 0, 0, 0, 9, 31
"c:\Code\angular\pdx-map\src\model\ck3\Faith.ts", "TypeScript", 10, 0, 0, 0, 4, 14
"c:\Code\angular\pdx-map\src\model\ck3\Holding.ts", "TypeScript", 31, 0, 0, 0, 11, 42
"c:\Code\angular\pdx-map\src\model\ck3\LegacyCk3Save.ts", "TypeScript", 14, 0, 0, 304, 1, 319
"c:\Code\angular\pdx-map\src\model\ck3\Player.ts", "TypeScript", 35, 0, 0, 5, 7, 47
"c:\Code\angular\pdx-map\src\model\ck3\RulerTier.ts", "TypeScript", 57, 0, 0, 0, 11, 68
"c:\Code\angular\pdx-map\src\model\ck3\Trait.ts", "TypeScript", 62, 0, 0, 0, 10, 72
"c:\Code\angular\pdx-map\src\model\ck3\enum\Skill.ts", "TypeScript", 8, 0, 0, 0, 0, 8
"c:\Code\angular\pdx-map\src\model\ck3\enum\TraitType.ts", "TypeScript", 11, 0, 0, 0, 0, 11
"c:\Code\angular\pdx-map\src\model\ck3\save\ICk3Save.ts", "TypeScript", 27, 0, 0, 0, 17, 44
"c:\Code\angular\pdx-map\src\model\ck3\save\Parse.ts", "TypeScript", 161, 0, 0, 12, 9, 182
"c:\Code\angular\pdx-map\src\model\ck3\title\AbstractLandedTitle.ts", "TypeScript", 78, 0, 0, 0, 15, 93
"c:\Code\angular\pdx-map\src\model\ck3\title\CustomLandedTitle.ts", "TypeScript", 32, 0, 0, 0, 6, 38
"c:\Code\angular\pdx-map\src\model\ck3\title\LandedTitle.ts", "TypeScript", 22, 0, 0, 0, 5, 27
"c:\Code\angular\pdx-map\src\model\common\OwnershipChange.ts", "TypeScript", 6, 0, 0, 0, 1, 7
"c:\Code\angular\pdx-map\src\model\common\SimplifiedDate.ts", "TypeScript", 27, 0, 0, 0, 4, 31
"c:\Code\angular\pdx-map\src\model\eu4\Eu4Save.ts", "TypeScript", 65, 0, 0, 0, 11, 76
"c:\Code\angular\pdx-map\src\model\eu4\Eu4SaveCountry.ts", "TypeScript", 26, 0, 0, 0, 10, 36
"c:\Code\angular\pdx-map\src\model\eu4\Eu4SaveProvince.ts", "TypeScript", 52, 0, 0, 0, 9, 61
"c:\Code\angular\pdx-map\src\model\social\DiscordUser.ts", "TypeScript", 27, 0, 0, 0, 4, 31
"c:\Code\angular\pdx-map\src\model\vic\Building.ts", "TypeScript", 178, 0, 0, 0, 24, 202
"c:\Code\angular\pdx-map\src\model\vic\Country.ts", "TypeScript", 85, 0, 0, 0, 18, 103
"c:\Code\angular\pdx-map\src\model\vic\CountryBudget.ts", "TypeScript", 98, 0, 0, 28, 20, 146
"c:\Code\angular\pdx-map\src\model\vic\CountryShell.ts", "TypeScript", 5, 0, 0, 0, 3, 8
"c:\Code\angular\pdx-map\src\model\vic\CountryShellBuilderService.ts", "TypeScript", 51, 0, 0, 10, 8, 69
"c:\Code\angular\pdx-map\src\model\vic\ImmutableCountryShell.ts", "TypeScript", 27, 0, 0, 7, 7, 41
"c:\Code\angular\pdx-map\src\model\vic\ModelElementList.ts", "TypeScript", 33, 0, 0, 0, 9, 42
"c:\Code\angular\pdx-map\src\model\vic\Ownership.ts", "TypeScript", 7, 0, 0, 0, 0, 7
"c:\Code\angular\pdx-map\src\model\vic\Pop.ts", "TypeScript", 37, 0, 0, 0, 7, 44
"c:\Code\angular\pdx-map\src\model\vic\PowerBloc.ts", "TypeScript", 68, 0, 0, 0, 10, 78
"c:\Code\angular\pdx-map\src\model\vic\Vic3GameFilesService.spec.ts", "TypeScript", 106, 0, 0, 0, 17, 123
"c:\Code\angular\pdx-map\src\model\vic\Vic3GameFilesService.ts", "TypeScript", 580, 0, 0, 0, 70, 650
"c:\Code\angular\pdx-map\src\model\vic\Vic3Save.ts", "TypeScript", 123, 0, 0, 2, 10, 135
"c:\Code\angular\pdx-map\src\model\vic\enum\GoodCategory.ts", "TypeScript", 8, 0, 0, 0, 3, 11
"c:\Code\angular\pdx-map\src\model\vic\enum\ResourceType.ts", "TypeScript", 5, 0, 0, 0, 1, 6
"c:\Code\angular\pdx-map\src\model\vic\game\Good.ts", "TypeScript", 10, 0, 0, 0, 4, 14
"c:\Code\angular\pdx-map\src\model\vic\game\MapStateRegion.ts", "TypeScript", 124, 0, 0, 0, 25, 149
"c:\Code\angular\pdx-map\src\model\vic\game\ModPop.ts", "TypeScript", 18, 0, 0, 0, 1, 19
"c:\Code\angular\pdx-map\src\saveana\CK3TableColumnProvider.ts", "TypeScript", 119, 0, 0, 2, 7, 128
"c:\Code\angular\pdx-map\src\services\D3JsService.ts", "TypeScript", 98, 0, 0, 0, 13, 111
"c:\Code\angular\pdx-map\src\services\PersistanceService.ts", "TypeScript", 21, 0, 0, 0, 5, 26
"c:\Code\angular\pdx-map\src\services\api\SkanderbegProxyService.ts", "TypeScript", 31, 0, 0, 0, 5, 36
"c:\Code\angular\pdx-map\src\services\configuration\GoodViewMode.ts", "TypeScript", 5, 0, 0, 0, 0, 5
"c:\Code\angular\pdx-map\src\services\configuration\Vic3TableColumnProvider.ts", "TypeScript", 414, 0, 0, 0, 29, 443
"c:\Code\angular\pdx-map\src\services\discord-auth.service.ts", "TypeScript", 205, 0, 0, 1, 33, 239
"c:\Code\angular\pdx-map\src\services\gamedata\CK3Service.ts", "TypeScript", 298, 0, 0, 1, 23, 322
"c:\Code\angular\pdx-map\src\services\gamedata\CustomRulerFile.ts", "TypeScript", 13, 0, 0, 0, 4, 17
"c:\Code\angular\pdx-map\src\services\pdx-file.service.ts", "TypeScript", 172, 0, 0, 4, 17, 193
"c:\Code\angular\pdx-map\src\styles.scss", "SCSS", 0, 55, 0, 10, 5, 70
"c:\Code\angular\pdx-map\src\styles\theme.scss", "SCSS", 0, 105, 0, 2, 20, 127
"c:\Code\angular\pdx-map\src\test-setup.ts", "TypeScript", 49, 0, 0, 7, 8, 64
"c:\Code\angular\pdx-map\src\util\Mouse.ts", "TypeScript", 35, 0, 0, 0, 9, 44
"c:\Code\angular\pdx-map\src\util\Point2D.ts", "TypeScript", 4, 0, 0, 0, 1, 5
"c:\Code\angular\pdx-map\src\util\RGB.ts", "TypeScript", 40, 0, 0, 0, 7, 47
"c:\Code\angular\pdx-map\src\util\geometry\threeGeometry.ts", "TypeScript", 446, 0, 0, 1, 44, 491
"c:\Code\angular\pdx-map\src\util\lobby.ts", "TypeScript", 90, 0, 0, 5, 9, 104
"c:\Code\angular\pdx-map\src\util\table\AggregatingTableColumn.ts", "TypeScript", 35, 0, 0, 0, 4, 39
"c:\Code\angular\pdx-map\src\util\table\BuildingAggregatingTableColumn.ts", "TypeScript", 8, 0, 0, 0, 2, 10
"c:\Code\angular\pdx-map\src\util\table\HasAggregation.ts", "TypeScript", 4, 0, 0, 0, 0, 4
"c:\Code\angular\pdx-map\src\util\table\HasElements.ts", "TypeScript", 4, 0, 0, 0, 1, 5
"c:\Code\angular\pdx-map\src\util\table\HasName.ts", "TypeScript", 3, 0, 0, 0, 0, 3
"c:\Code\angular\pdx-map\src\util\table\ITableColumn.ts", "TypeScript", 10, 0, 0, 0, 0, 10
"c:\Code\angular\pdx-map\src\util\table\SimpleTableColumn.ts", "TypeScript", 23, 0, 0, 0, 2, 25
"c:\Code\angular\pdx-map\src\util\table\TableColumn.ts", "TypeScript", 90, 0, 0, 0, 10, 100
"c:\Code\angular\pdx-map\src\utils.ts", "TypeScript", 8, 0, 0, 0, 0, 8
"Total", "-", 12787, 2297, 962, 562, 2193, 18801